,동아리명,종목,2020년-전기,2020년-후기,2021년-전기,2021년-후기,2022년-전기,2022년-후기
0,xpscimvgd,신입생환영회,642200,610000,637200,665200,606000,733300
1,xpscimvgd,MT,1635700,1658700,1581000,1654200,1426200,1542900
2,xpscimvgd,대회참여,328300,289500,317400,397100,377400,223600
3,xpscimvgd,체육대회,364700,415500,340300,429000,373200,415900
4,xpscimvgd,졸업총회,318400,268700,322500,321900,318800,220100
5,syiz,신입생환영회,616900,655200,754900,614000,673800,750000
6,syiz,MT,1415300,1557300,1410000,1440100,1610200,1498800
7,syiz,대회참여,375700,378100,221500,250000,213500,390800
8,syiz,체육대회,430300,413500,380300,401800,400500,382800
9,syiz,졸업총회,305900,329600,228100,265800,254000,316300
10,vizrghx,신입생환영회,631800,623500,716200,719500,726300,605400
11,vizrghx,MT,1670500,1693000,1587600,1543400,1486700,1585000
12,vizrghx,대회참여,288200,259900,263900,330000,225500,333400
13,vizrghx,체육대회,385600,424100,389500,437600,401300,409600
14,vizrghx,졸업총회,303500,338500,263100,277600,236300,333400
15,wkrihq,신입생환영회,601700,738000,705100,707200,752100,754600
16,wkrihq,MT,1475600,1660300,1548600,1526000,1682900,1406300
17,wkrihq,대회참여,345900,217400,395500,208200,368600,289800
18,wkrihq,체육대회,394100,385400,361400,416900,357200,376000
19,wkrihq,졸업총회,315400,333900,341800,294100,345300,294800
20,mnzbji,신입생환영회,773700,771300,732200,767300,764000,661900
21,mnzbji,MT,1584200,1403700,1699600,1652600,1509900,1522800
22,mnzbji,대회참여,358200,268000,230800,303000,214400,350100
23,mnzbji,체육대회,374300,385100,363400,364200,424600,392900
24,mnzbji,졸업총회,230700,316700,224400,291500,333700,289700
25,wkpoyxq,신입생환영회,617500,637900,713300,677300,647000,655200
26,wkpoyxq,MT,1642000,1495300,1494600,1609400,1507400,1531600
27,wkpoyxq,대회참여,379400,379000,327900,369100,359500,226700
28,wkpoyxq,체육대회,342800,434900,420500,419200,393800,439700
29,wkpoyxq,졸업총회,314400,320800,294200,279800,314900,274700
30,emvsiglj,신입생환영회,684600,626800,777500,754200,750200,719800
31,emvsiglj,MT,1425200,1539400,1460500,1562400,1451500,1667700
32,emvsiglj,대회참여,309400,292200,354600,358400,330200,273800
33,emvsiglj,체육대회,409400,384700,372900,357300,371300,415800
34,emvsiglj,졸업총회,338600,316200,276700,295000,333600,296400
35,voanudewi,신입생환영회,710100,620600,618800,754700,624500,673400
36,voanudewi,MT,1685000,1611600,1645200,1628600,1535500,1486100
37,voanudewi,대회참여,217300,214900,389300,274400,300600,204300
38,voanudewi,체육대회,345200,375700,401000,367000,409000,430400
39,voanudewi,졸업총회,311400,306200,313700,348900,336300,344800
40,nvehwjklx,신입생환영회,633200,622400,610900,658700,687800,707300
41,nvehwjklx,MT,1517800,1419100,1489400,1615200,1571800,1401000
42,nvehwjklx,대회참여,398800,347800,279900,202000,241100,206300
43,nvehwjklx,체육대회,350600,429700,392700,360200,402200,407100
44,nvehwjklx,졸업총회,283600,239600,317600,300900,244800,327800
45,pmad,신입생환영회,723200,755500,608300,621000,724900,615400
46,pmad,MT,1540200,1577600,1481300,1601300,1573200,1533800
47,pmad,대회참여,328900,386400,205800,271500,374400,223700
48,pmad,체육대회,362000,348600,371500,366500,417600,371500
49,pmad,졸업총회,252600,256700,311400,324200,273200,257600
50,yhqtkfni,신입생환영회,637900,624200,630300,722500,645400,741900
51,yhqtkfni,MT,1582100,1692100,1682500,1621000,1604600,1618600
52,yhqtkfni,대회참여,354000,263500,256700,212900,357300,307000
53,yhqtkfni,체육대회,371700,384500,406100,406300,421200,402400
54,yhqtkfni,졸업총회,323900,337600,249300,237800,226400,261400
55,nqwge,신입생환영회,752800,618600,722000,672800,731700,770500
56,nqwge,MT,1421900,1565100,1409200,1434200,1587100,1493500
57,nqwge,대회참여,206400,369000,341400,328800,247700,398400
58,nqwge,체육대회,390300,353300,355400,433200,380300,424800
59,nqwge,졸업총회,300100,249200,340900,271000,294800,235000
60,kamngivwp,신입생환영회,627300,737000,637100,690100,698200,716400
61,kamngivwp,MT,1655400,1587200,1524600,1480100,1468800,1566600
62,kamngivwp,대회참여,283400,230600,376700,391300,320500,344000
63,kamngivwp,체육대회,378400,418400,384300,429700,438600,422000
64,kamngivwp,졸업총회,348000,282800,291500,273100,285200,220100
65,lofzgwxns,신입생환영회,698500,719400,691200,629500,666300,678900
66,lofzgwxns,MT,1614200,1405400,1656000,1543400,1687500,1418800
67,lofzgwxns,대회참여,376900,272500,379300,306200,287500,344900
68,lofzgwxns,체육대회,390500,354700,433600,358100,377800,423100
69,lofzgwxns,졸업총회,269600,266100,242200,349700,300800,262400
70,zcjprvblsh,신입생환영회,630900,714500,768300,657100,732300,689400
71,zcjprvblsh,MT,1531900,1620700,1454800,1433600,1492500,1561000
72,zcjprvblsh,대회참여,334300,384300,307400,398300,380900,245200
73,zcjprvblsh,체육대회,363100,375100,363700,349400,351700,379000
74,zcjprvblsh,졸업총회,232800,334100,304700,292300,239300,297200
75,boeyq,신입생환영회,675300,777700,624400,746200,612400,727000
76,boeyq,MT,1563300,1549300,1655000,1516400,1559400,1402800
77,boeyq,대회참여,213500,246300,305500,348100,343400,276700
78,boeyq,체육대회,401900,398300,360700,385400,372000,356800
79,boeyq,졸업총회,345600,233200,268900,329800,284900,273100
80,fvwq,신입생환영회,711200,659500,601200,712000,718300,734000
81,fvwq,MT,1620300,1574900,1532600,1445300,1410800,1479200
82,fvwq,대회참여,212000,373900,227000,202300,348900,394700
83,fvwq,체육대회,392300,412700,384600,418100,387900,384400
84,fvwq,졸업총회,257900,243200,235500,336100,309500,288200
85,bfpua,신입생환영회,708700,636400,727400,674100,691700,713100
86,bfpua,MT,1556100,1534700,1496400,1652800,1469200,1688200
87,bfpua,대회참여,368400,200300,365600,288800,330500,360000
88,bfpua,체육대회,415900,432400,348900,411000,395800,415100
89,bfpua,졸업총회,303800,329700,310500,322200,288300,253000
90,mtwbsfy,신입생환영회,744200,633800,693300,652400,751100,721700
91,mtwbsfy,MT,1588200,1436000,1646800,1523500,1582100,1591100
92,mtwbsfy,대회참여,369400,248400,276400,256200,262100,399100
93,mtwbsfy,체육대회,438600,433200,344600,370700,434300,421400
94,mtwbsfy,졸업총회,235600,228000,225300,280800,306300,326100
95,gvulexnhikj,신입생환영회,642600,633600,709100,778100,647100,664700
96,gvulexnhikj,MT,1479600,1617000,1447600,1663500,1535600,1569200
97,gvulexnhikj,대회참여,240900,385300,352200,284800,369300,277600
98,gvulexnhikj,체육대회,356700,350400,398700,438600,395400,347600
99,gvulexnhikj,졸업총회,254400,344900,318000,301700,266800,330200
100,rvbjanmxqus,신입생환영회,733400,640000,705000,770000,772100,745400
101,rvbjanmxqus,MT,1531100,1618900,1533900,1595800,1487100,1458700
102,rvbjanmxqus,대회참여,300200,369400,239300,397200,215400,344900
103,rvbjanmxqus,체육대회,416000,350800,425300,403000,348700,376000
104,rvbjanmxqus,졸업총회,279700,266500,279500,308500,349800,302000
105,rctynasbz,신입생환영회,618800,666100,601200,717700,732200,682500
106,rctynasbz,MT,1442200,1587600,1620600,1469500,1651400,1537700
107,rctynasbz,대회참여,286100,240400,311300,323300,329300,296700
108,rctynasbz,체육대회,387400,369800,340200,409600,365000,423700
109,rctynasbz,졸업총회,268600,267800,253900,345700,284100,228200
110,xusgcfwhe,신입생환영회,676600,776500,719400,615400,727300,710200
111,xusgcfwhe,MT,1448800,1449200,1598000,1690500,1567900,1424800
112,xusgcfwhe,대회참여,363700,367200,240900,339100,207500,355700
113,xusgcfwhe,체육대회,361100,359100,404000,366000,373600,348000
114,xusgcfwhe,졸업총회,318700,304800,314000,311900,268900,221700
115,tqxbugfdkc,신입생환영회,651100,779000,690700,777200,695500,650700
116,tqxbugfdkc,MT,1584900,1678400,1415900,1454900,1526600,1545700
117,tqxbugfdkc,대회참여,381500,367300,238100,234600,340700,308000
118,tqxbugfdkc,체육대회,391300,370500,369800,411900,379600,383600
119,tqxbugfdkc,졸업총회,296500,296600,249100,335800,269100,223900
120,derfhupoy,신입생환영회,721600,716200,696800,685900,619300,771000
121,derfhupoy,MT,1688400,1642900,1695600,1613800,1523200,1684600
122,derfhupoy,대회참여,282400,274700,349300,228700,303700,312900
123,derfhupoy,체육대회,382200,344300,398500,426900,413800,401800
124,derfhupoy,졸업총회,273200,286900,336300,333900,232000,304200
125,cvjarsqu,신입생환영회,731400,633800,627600,754700,678200,731700
126,cvjarsqu,MT,1669300,1465200,1537600,1448500,1484800,1407000
127,cvjarsqu,대회참여,209700,310300,278600,366000,202700,359400
128,cvjarsqu,체육대회,418500,372100,420000,413200,357000,403800
129,cvjarsqu,졸업총회,333500,225400,249600,280200,302300,233800
130,nucfqm,신입생환영회,756900,654400,673400,613400,665300,619600
131,nucfqm,MT,1496300,1620800,1499100,1638400,1638400,1534400
132,nucfqm,대회참여,346400,360000,380800,382700,351800,302200
133,nucfqm,체육대회,401900,358800,353300,351300,343900,402100
134,nucfqm,졸업총회,251700,332900,269000,246900,272300,281000
135,dbkevp,신입생환영회,726700,762300,754500,676900,674500,709000
136,dbkevp,MT,1441100,1519700,1485400,1485300,1591200,1682300
137,dbkevp,대회참여,310900,306000,281600,330300,219100,234500
138,dbkevp,체육대회,383400,433300,341800,434000,341100,376300
139,dbkevp,졸업총회,323800,323100,225700,309200,222800,268700
140,lxkhsnucoj,신입생환영회,636700,766400,667000,679000,673300,692300
141,lxkhsnucoj,MT,1573300,1436900,1655900,1427600,1401900,1670400
142,lxkhsnucoj,대회참여,220100,351100,375400,308500,368400,398500
143,lxkhsnucoj,체육대회,414200,348400,436600,417200,421200,341900
144,lxkhsnucoj,졸업총회,307600,253600,259000,248600,263500,347700
145,doavqh,신입생환영회,708100,725100,602500,640000,628700,614200
146,doavqh,MT,1581100,1684800,1626000,1497900,1560400,1419600
147,doavqh,대회참여,388600,387300,325200,291800,368100,387800
148,doavqh,체육대회,363200,407100,424200,396700,371500,381200
149,doavqh,졸업총회,306800,322900,230700,220100,315300,328500
150,smfgrij,신입생환영회,728200,634300,602000,743000,772800,699000
151,smfgrij,MT,1460800,1565900,1696500,1541800,1608900,1656100
152,smfgrij,대회참여,202300,307600,214700,377200,261500,242100
153,smfgrij,체육대회,398900,352600,368300,433600,343500,362000
154,smfgrij,졸업총회,286500,310900,259000,282300,325600,278400
155,rygiw,신입생환영회,678300,631000,610600,611300,697200,629200
156,rygiw,MT,1619500,1463500,1696600,1694400,1415100,1596000
157,rygiw,대회참여,220700,298700,229700,364300,269200,259200
158,rygiw,체육대회,415700,432000,391900,428900,411600,354400
159,rygiw,졸업총회,236100,255500,300600,269900,289900,281200
160,foqszlgcpit,신입생환영회,655700,744700,727600,601500,708900,671000
161,foqszlgcpit,MT,1633500,1541600,1467100,1528500,1526000,1580100
162,foqszlgcpit,대회참여,289800,233100,238300,224300,229600,288400
163,foqszlgcpit,체육대회,439000,364200,412200,390200,348200,385700
164,foqszlgcpit,졸업총회,293200,327700,283500,295100,234000,300100
165,nklrfdw,신입생환영회,616300,685000,779100,761100,778500,702800
166,nklrfdw,MT,1684700,1584300,1559700,1691900,1617500,1616000
167,nklrfdw,대회참여,365800,342200,358000,333200,368200,350800
168,nklrfdw,체육대회,361500,396400,349700,379500,377000,346200
169,nklrfdw,졸업총회,242500,255300,299700,315800,262000,233500
170,jnmkuosy,신입생환영회,775700,706800,661300,609400,717700,678500
171,jnmkuosy,MT,1465200,1542900,1467300,1452300,1623700,1489500
172,jnmkuosy,대회참여,216300,355500,265800,278700,315800,314800
173,jnmkuosy,체육대회,392300,404400,341900,420300,430800,364400
174,jnmkuosy,졸업총회,275600,337600,326600,286400,237300,301900
175,uylsrinfwg,신입생환영회,719900,742400,613700,665800,725200,745600
176,uylsrinfwg,MT,1419000,1636100,1415300,1694000,1480800,1501200
177,uylsrinfwg,대회참여,310000,271600,360200,210800,338000,247700
178,uylsrinfwg,체육대회,429300,396800,408800,439600,375600,345800
179,uylsrinfwg,졸업총회,293700,229300,272700,336900,249100,320100
180,bmwdajyos,신입생환영회,771900,751000,678900,755800,706100,760100
181,bmwdajyos,MT,1592400,1564400,1586400,1592200,1561200,1582700
182,bmwdajyos,대회참여,370900,218800,283500,302400,373300,320900
183,bmwdajyos,체육대회,402400,406800,424400,391000,396600,365400
184,bmwdajyos,졸업총회,255000,253900,279500,236600,290600,347800
185,awosv,신입생환영회,664700,722200,701900,696700,688500,673800
186,awosv,MT,1681700,1431100,1461600,1543200,1612100,1432800
187,awosv,대회참여,315700,225500,398500,278500,273700,311400
188,awosv,체육대회,421000,360700,428900,369400,392100,383000
189,awosv,졸업총회,321800,344700,269000,282700,284500,257600
190,jmxcnip,신입생환영회,633400,729200,698600,615200,662200,625300
191,jmxcnip,MT,1496300,1657000,1596100,1509900,1442400,1510700
192,jmxcnip,대회참여,368000,386800,393600,280900,233500,301500
193,jmxcnip,체육대회,342400,346800,350600,340400,369400,345700
194,jmxcnip,졸업총회,235500,344900,304800,254000,272800,299100
195,fvpjzw,신입생환영회,680100,612900,666400,726000,701700,721900
196,fvpjzw,MT,1662100,1659100,1680000,1591400,1651700,1693800
197,fvpjzw,대회참여,251100,249100,337100,322600,363200,363700
198,fvpjzw,체육대회,407300,375100,427000,373800,391100,408300
199,fvpjzw,졸업총회,349700,247300,232800,272900,342500,270000
200,yxuagf,신입생환영회,702600,772700,768200,698700,750600,689100
201,yxuagf,MT,1597300,1610500,1518200,1628100,1436700,1672700
202,yxuagf,대회참여,357600,249400,394500,346800,207800,295400
203,yxuagf,체육대회,365800,412700,420000,353800,357300,406500
204,yxuagf,졸업총회,221300,243500,232600,252000,225200,330200
205,zhysowbku,신입생환영회,615000,738400,652800,633500,760300,744200
206,zhysowbku,MT,1602900,1491900,1635600,1583500,1609200,1612000
207,zhysowbku,대회참여,308000,213800,324800,363200,300300,351400
208,zhysowbku,체육대회,357600,428300,381900,384200,364000,423000
209,zhysowbku,졸업총회,221900,241300,229800,297900,220400,223700
210,jmak,신입생환영회,722500,744800,700900,742700,605200,609600
211,jmak,MT,1686300,1683500,1520700,1507800,1442200,1626500
212,jmak,대회참여,286900,398400,313300,362900,358900,306400
213,jmak,체육대회,341700,429700,396700,435500,375300,389500
214,jmak,졸업총회,339000,321900,278200,336100,289100,338000
215,bitxjrp,신입생환영회,628900,630400,603200,665100,632800,740000
216,bitxjrp,MT,1517600,1481100,1513800,1591100,1465900,1476100
217,bitxjrp,대회참여,213900,244800,356600,320700,319000,341000
218,bitxjrp,체육대회,422800,349800,417600,379800,428000,381100
219,bitxjrp,졸업총회,256000,248400,336300,312000,310100,230200
220,rcjqueyms,신입생환영회,681400,609700,639300,748100,755800,725500
221,rcjqueyms,MT,1641800,1536200,1601600,1653300,1472800,1610600
222,rcjqueyms,대회참여,341100,306800,370300,342200,242900,269000
223,rcjqueyms,체육대회,363600,408800,399300,412100,360600,352100
224,rcjqueyms,졸업총회,302200,276500,311800,270000,312400,252000
225,gqundkl,신입생환영회,779100,673400,763200,645400,657900,728100
226,gqundkl,MT,1428400,1497500,1497000,1611000,1503000,1632000
227,gqundkl,대회참여,322400,304900,229400,368800,224200,328500
228,gqundkl,체육대회,426900,390900,395900,354900,372800,438400
229,gqundkl,졸업총회,229300,346400,311100,220100,259700,324000
230,zkcgphx,신입생환영회,727900,650200,626300,739000,652000,661500
231,zkcgphx,MT,1544400,1671100,1427300,1595500,1452000,1628400
232,zkcgphx,대회참여,310200,380400,309700,208400,201300,260600
233,zkcgphx,체육대회,369900,422500,357500,393600,350200,415800
234,zkcgphx,졸업총회,266800,224100,280500,239800,331500,318400
235,lhsmfzeqt,신입생환영회,602600,638700,600900,723200,747800,621700
236,lhsmfzeqt,MT,1500300,1526100,1467500,1549200,1560300,1628600
237,lhsmfzeqt,대회참여,374900,321300,337400,335700,212700,285400
238,lhsmfzeqt,체육대회,365200,383500,412000,410900,383300,352800
239,lhsmfzeqt,졸업총회,253900,320900,297000,230600,335400,238200
240,gawxbs,신입생환영회,665200,607900,755800,665200,673400,767000
241,gawxbs,MT,1598700,1427600,1559200,1523700,1546300,1598400
242,gawxbs,대회참여,340200,282300,252400,204500,294400,214900
243,gawxbs,체육대회,386100,418600,383600,345300,374300,390900
244,gawxbs,졸업총회,294000,253800,246200,308800,271500,264200
245,lmuocd,신입생환영회,683600,623300,766300,712800,753500,657400
246,lmuocd,MT,1491800,1426700,1600200,1453600,1561900,1612200
247,lmuocd,대회참여,266200,301700,277000,234800,248300,347300
248,lmuocd,체육대회,420400,406000,411300,418900,415100,347400
249,lmuocd,졸업총회,267400,344200,290700,236500,300400,301400
250,eutvasibd,신입생환영회,600500,685400,715000,767900,613100,646900
251,eutvasibd,MT,1617700,1622300,1567700,1641500,1628900,1410600
252,eutvasibd,대회참여,262600,392000,298400,392500,344700,345400
253,eutvasibd,체육대회,373600,434200,349900,386100,375600,341400
254,eutvasibd,졸업총회,225200,226400,298200,307300,231000,340600
255,caxzrwsnvm,신입생환영회,703400,619200,667900,639500,636400,754100
256,caxzrwsnvm,MT,1453100,1641900,1585700,1594100,1469600,1446000
257,caxzrwsnvm,대회참여,341900,334700,394700,310400,326700,323100
258,caxzrwsnvm,체육대회,341200,375700,430700,381300,424800,399500
259,caxzrwsnvm,졸업총회,240100,236900,246200,346800,296500,340800
260,afkh,신입생환영회,700300,695500,634200,630300,603000,751300
261,afkh,MT,1516200,1611000,1421400,1559600,1584100,1671700
262,afkh,대회참여,397700,223400,231800,353000,242500,323100
263,afkh,체육대회,386100,345500,388300,414400,412100,370800
264,afkh,졸업총회,334700,278400,268700,298500,332200,338800
265,qewxprvmzg,신입생환영회,697800,639900,743100,712200,682400,642600
266,qewxprvmzg,MT,1650300,1652400,1615600,1426400,1606400,1467400
267,qewxprvmzg,대회참여,312900,257700,274300,233600,249500,246300
268,qewxprvmzg,체육대회,366600,411500,352600,409900,363100,425300
269,qewxprvmzg,졸업총회,240700,349000,325000,329900,320400,283900
270,pfbdai,신입생환영회,666100,721100,614000,611600,718200,760600
271,pfbdai,MT,1648200,1433700,1662100,1472000,1555400,1678300
272,pfbdai,대회참여,355300,376700,227000,217900,295600,389600
273,pfbdai,체육대회,417100,349300,352300,342900,396200,424900
274,pfbdai,졸업총회,287700,300900,323000,232400,224000,319900
275,fguoezr,신입생환영회,733400,691000,768000,726600,692600,755200
276,fguoezr,MT,1539100,1539700,1555900,1689300,1614900,1567600
277,fguoezr,대회참여,342100,268700,254400,354700,248700,202800
278,fguoezr,체육대회,373600,397000,359100,430600,420500,378800
279,fguoezr,졸업총회,268600,346100,304300,282300,244600,237200
280,slnxaumqfd,신입생환영회,776700,639800,672600,669100,712600,738600
281,slnxaumqfd,MT,1590900,1675700,1591200,1475100,1406200,1670000
282,slnxaumqfd,대회참여,211100,378900,318300,214500,279500,291000
283,slnxaumqfd,체육대회,360700,394900,397200,414600,399100,438200
284,slnxaumqfd,졸업총회,309800,236800,320400,331700,264600,245800
285,wczf,신입생환영회,655100,764000,748600,655300,612500,626000
286,wczf,MT,1443700,1540200,1452600,1538600,1452300,1441500
287,wczf,대회참여,206800,376700,230800,329600,242400,238900
288,wczf,체육대회,376500,362000,389900,399500,384200,395000
289,wczf,졸업총회,324200,326400,222300,310300,243300,325300
290,iyol,신입생환영회,762000,622800,690900,622700,678400,621800
291,iyol,MT,1543100,1681800,1523900,1497200,1443000,1422300
292,iyol,대회참여,390800,388800,319900,342600,264400,242000
293,iyol,체육대회,440000,353300,346100,350200,381700,343700
294,iyol,졸업총회,341600,257200,221300,273600,342200,226500
295,mhyotzwpke,신입생환영회,744100,609500,604700,750100,619600,758100
296,mhyotzwpke,MT,1612200,1524900,1657700,1603300,1436800,1606900
297,mhyotzwpke,대회참여,218400,330700,215600,316200,280500,201100
298,mhyotzwpke,체육대회,434200,379600,411700,387500,386200,410800
299,mhyotzwpke,졸업총회,248900,318600,301700,237500,291500,326400
300,lifoq,신입생환영회,738900,690100,716900,709500,749900,686000
301,lifoq,MT,1628800,1509700,1550700,1430000,1519600,1684100
302,lifoq,대회참여,393000,383400,350000,297800,392300,353900
303,lifoq,체육대회,388800,437000,378600,351900,414900,390900
304,lifoq,졸업총회,316700,268300,299600,257200,329500,241000
305,kxptlcf,신입생환영회,635400,656800,756600,615300,672700,725800
306,kxptlcf,MT,1543900,1596400,1534600,1614900,1538400,1689000
307,kxptlcf,대회참여,249900,373000,317200,372100,321100,385500
308,kxptlcf,체육대회,385400,383300,365500,412700,351700,405000
309,kxptlcf,졸업총회,318700,288900,345200,238200,335400,281100
310,rzgbsajyfkv,신입생환영회,638900,668600,692700,602900,607100,765100
311,rzgbsajyfkv,MT,1590400,1404800,1587900,1465700,1618800,1691100
312,rzgbsajyfkv,대회참여,296200,257600,340200,341400,260100,319800
313,rzgbsajyfkv,체육대회,386800,365400,438000,386200,340700,348200
314,rzgbsajyfkv,졸업총회,286800,226200,269800,293300,258500,239100
315,vuftni,신입생환영회,770300,730700,608200,764100,767700,687500
316,vuftni,MT,1682400,1562800,1620100,1577700,1531100,1670200
317,vuftni,대회참여,270100,302200,278700,294900,247800,392500
318,vuftni,체육대회,429000,421600,423000,413900,425800,403500
319,vuftni,졸업총회,333900,268400,301200,313600,228500,265600
320,lvezcgkyd,신입생환영회,669800,694500,753900,604200,720000,661700
321,lvezcgkyd,MT,1624500,1610300,1599400,1543600,1621000,1435700
322,lvezcgkyd,대회참여,217500,400000,341800,255600,291100,236400
323,lvezcgkyd,체육대회,351800,418900,342900,350800,423000,389000
324,lvezcgkyd,졸업총회,281100,250300,271200,246400,241400,337900
325,tbpjze,신입생환영회,693600,696500,601600,756400,683800,650400
326,tbpjze,MT,1581000,1532300,1613100,1563200,1491700,1456600
327,tbpjze,대회참여,329700,299100,237800,364200,379900,316400
328,tbpjze,체육대회,347700,396200,346000,408500,360200,405000
329,tbpjze,졸업총회,348900,334900,258900,303800,254500,305300
330,eghkfluqmv,신입생환영회,645000,603500,772200,694100,616600,645200
331,eghkfluqmv,MT,1407100,1449200,1645800,1455000,1536500,1437100
332,eghkfluqmv,대회참여,280700,312000,372600,246900,358300,329800
333,eghkfluqmv,체육대회,391100,412900,414600,392800,420500,381400
334,eghkfluqmv,졸업총회,222600,225300,267400,260300,280500,300700
335,mtfz,신입생환영회,774800,748800,616300,675600,663700,698000
336,mtfz,MT,1488900,1445500,1676600,1660300,1589000,1500100
337,mtfz,대회참여,214500,352500,286800,252100,336200,376700
338,mtfz,체육대회,346500,382300,385100,347500,385500,419000
339,mtfz,졸업총회,347800,295500,281500,303200,259800,302300
340,lqtvhr,신입생환영회,739400,733000,626300,624000,755500,620600
341,lqtvhr,MT,1555900,1625400,1660100,1435000,1458700,1594600
342,lqtvhr,대회참여,388600,374200,391900,395300,327600,323000
343,lqtvhr,체육대회,391000,409700,412200,356400,438400,381800
344,lqtvhr,졸업총회,298100,328700,229800,222800,272800,236100
345,ihywzelo,신입생환영회,606200,742000,661600,759500,750100,744200
346,ihywzelo,MT,1402600,1660800,1476500,1678500,1454200,1508200
347,ihywzelo,대회참여,388800,344600,231200,257900,392900,251000
348,ihywzelo,체육대회,360600,343600,410300,426700,396300,433100
349,ihywzelo,졸업총회,285000,349400,338200,291300,314100,228600
350,sdczxmyfog,신입생환영회,682100,737500,673300,627400,661700,701100
351,sdczxmyfog,MT,1625600,1488300,1659400,1406400,1526300,1673300
352,sdczxmyfog,대회참여,306300,295900,237600,330700,262900,315200
353,sdczxmyfog,체육대회,420700,384300,355700,428700,372300,439000
354,sdczxmyfog,졸업총회,250500,344200,280800,221600,269300,345800
355,mqxgwlruf,신입생환영회,676600,723200,611100,697300,758000,630700
356,mqxgwlruf,MT,1511400,1543900,1685800,1540100,1572000,1522500
357,mqxgwlruf,대회참여,378900,260000,348900,308800,253200,352300
358,mqxgwlruf,체육대회,366400,438200,425800,429700,390500,363000
359,mqxgwlruf,졸업총회,260500,280500,264100,317100,330600,227600
360,oauwfx,신입생환영회,629200,650000,750100,609000,643100,619800
361,oauwfx,MT,1654000,1670800,1587300,1621800,1636700,1492500
362,oauwfx,대회참여,293800,248900,317000,331600,274600,272700
363,oauwfx,체육대회,423700,432500,388500,349200,381100,402900
364,oauwfx,졸업총회,324300,234200,320400,250400,260100,335700
365,ntrbchlayqj,신입생환영회,631700,648600,681800,692700,744400,722100
366,ntrbchlayqj,MT,1429400,1417500,1642900,1472900,1663200,1588200
367,ntrbchlayqj,대회참여,301400,253800,240300,319200,200500,278300
368,ntrbchlayqj,체육대회,404400,388000,384500,398700,418700,409600
369,ntrbchlayqj,졸업총회,287100,256000,233100,349000,346900,277600
370,hkmxldt,신입생환영회,770700,624600,723300,682400,759100,729600
371,hkmxldt,MT,1592800,1622600,1475100,1697800,1638100,1439500
372,hkmxldt,대회참여,294800,267500,278200,214600,371800,241900
373,hkmxldt,체육대회,430400,349900,346100,388000,386900,434800
374,hkmxldt,졸업총회,330200,265100,221400,270400,238900,260200
375,cbkmog,신입생환영회,720900,602800,762300,615600,771600,772100
376,cbkmog,MT,1435200,1506400,1496600,1650000,1600800,1446000
377,cbkmog,대회참여,202600,341400,353700,274600,392500,377200
378,cbkmog,체육대회,354700,402500,367400,400400,369500,359000
379,cbkmog,졸업총회,333100,328900,220700,345200,222100,308200
380,maudwjzpx,신입생환영회,735900,763800,668500,669400,738100,701400
381,maudwjzpx,MT,1676000,1550100,1424800,1485900,1414400,1581700
382,maudwjzpx,대회참여,332000,201800,286700,351900,373100,212200
383,maudwjzpx,체육대회,354900,425800,401800,438600,379400,434400
384,maudwjzpx,졸업총회,276300,240000,325200,329000,320800,332700
385,mdkw,신입생환영회,610700,625700,747400,650400,698900,687700
386,mdkw,MT,1685400,1445100,1669700,1485100,1528700,1682300
387,mdkw,대회참여,207700,365900,306500,283100,232500,229100
388,mdkw,체육대회,391000,341500,436800,397000,436600,419800
389,mdkw,졸업총회,268500,273600,338000,316600,340600,332000
390,gmveqno,신입생환영회,637100,634800,772500,734500,753400,690200
391,gmveqno,MT,1431400,1575100,1463400,1542600,1596800,1624300
392,gmveqno,대회참여,371900,289900,337900,242000,300900,214200
393,gmveqno,체육대회,359900,392100,427300,368900,398600,379800
394,gmveqno,졸업총회,254600,221000,297600,254100,310800,235500
395,cifohkwsy,신입생환영회,703000,639800,688200,744700,640600,699200
396,cifohkwsy,MT,1461000,1624000,1490000,1429400,1442900,1430600
397,cifohkwsy,대회참여,382600,233200,254500,217000,311500,374300
398,cifohkwsy,체육대회,399200,395600,384100,436200,417400,419800
399,cifohkwsy,졸업총회,255900,277900,301900,335700,321800,297900
400,ltuwbrmje,신입생환영회,752600,717200,625700,610100,770800,648900
401,ltuwbrmje,MT,1553500,1469600,1432700,1455800,1646300,1639700
402,ltuwbrmje,대회참여,346600,272100,255000,225300,210200,354200
403,ltuwbrmje,체육대회,436900,418000,384400,364800,364500,351600
404,ltuwbrmje,졸업총회,239900,257500,325800,257000,333600,338600
405,milqv,신입생환영회,762800,705600,613000,610000,732800,651100
406,milqv,MT,1519700,1492300,1620700,1542400,1671800,1558100
407,milqv,대회참여,282500,216900,311700,274600,327800,251400
408,milqv,체육대회,420800,398000,378300,377500,364500,410100
409,milqv,졸업총회,340700,334800,226500,312800,340100,342100
410,bhudpngwoqs,신입생환영회,649900,618500,689600,690500,769000,722400
411,bhudpngwoqs,MT,1519200,1430200,1418300,1663900,1684400,1697400
412,bhudpngwoqs,대회참여,370100,220800,293300,251700,367800,227700
413,bhudpngwoqs,체육대회,340000,377000,351800,390500,342500,393800
414,bhudpngwoqs,졸업총회,323000,288700,270500,310200,293100,247000
415,wgqn,신입생환영회,601100,631800,739800,655200,658700,771300
416,wgqn,MT,1681200,1666100,1555600,1649400,1566200,1453000
417,wgqn,대회참여,351600,364500,398300,280200,346100,301600
418,wgqn,체육대회,371500,380200,410300,352300,389500,369100
419,wgqn,졸업총회,260600,261100,239800,235200,313500,275400
420,ckfxogjweir,신입생환영회,655800,677100,684800,622900,749100,619600
421,ckfxogjweir,MT,1587600,1510700,1593300,1532400,1403100,1456400
422,ckfxogjweir,대회참여,335900,311100,396600,333400,230700,222700
423,ckfxogjweir,체육대회,348400,419800,350000,370800,405900,358400
424,ckfxogjweir,졸업총회,295700,220900,305300,324700,241800,342900
425,xpzohir,신입생환영회,761700,644100,610100,723500,677300,702400
426,xpzohir,MT,1464100,1643000,1661100,1664100,1657400,1516400
427,xpzohir,대회참여,383200,201700,349700,224900,291000,261300
428,xpzohir,체육대회,411700,422100,350800,348800,399000,438400
429,xpzohir,졸업총회,221200,249000,321200,233900,276600,248400
430,kznuiac,신입생환영회,605800,717300,649300,705900,614100,672200
431,kznuiac,MT,1491100,1523400,1634500,1420900,1551400,1644600
432,kznuiac,대회참여,335500,374900,328600,345600,297600,371300
433,kznuiac,체육대회,357300,353300,371100,340300,402600,375300
434,kznuiac,졸업총회,278100,320700,267500,283900,346500,269100
435,dbqcxfnpiy,신입생환영회,650700,722100,681600,666200,615600,680600
436,dbqcxfnpiy,MT,1486500,1522100,1462600,1408900,1460500,1446600
437,dbqcxfnpiy,대회참여,304100,393700,211500,321400,291600,252600
438,dbqcxfnpiy,체육대회,433600,346300,357400,410800,433500,413200
439,dbqcxfnpiy,졸업총회,296600,319500,264300,322400,268400,277000
440,ezvruki,신입생환영회,644500,635900,744800,689500,766900,770200
441,ezvruki,MT,1469200,1476500,1693400,1474800,1637700,1593500
442,ezvruki,대회참여,294000,285300,253400,353300,306300,276700
443,ezvruki,체육대회,355800,358700,395300,372300,373100,376400
444,ezvruki,졸업총회,301700,295300,318900,244200,324800,259300
445,epgflathj,신입생환영회,724200,613700,613200,745700,691600,655400
446,epgflathj,MT,1420200,1668600,1561300,1597600,1529600,1512900
447,epgflathj,대회참여,236900,335800,294500,270600,206700,240900
448,epgflathj,체육대회,427000,346600,374900,341100,346200,352300
449,epgflathj,졸업총회,284000,338700,226100,344800,343300,256900
450,ydqxeu,신입생환영회,640500,687100,609700,724100,726100,707300
451,ydqxeu,MT,1402800,1403100,1538800,1674300,1402500,1467700
452,ydqxeu,대회참여,253300,234400,258000,393800,331100,254100
453,ydqxeu,체육대회,388400,411900,411200,406400,439400,396800
454,ydqxeu,졸업총회,221900,237800,287500,240400,349900,267300
455,hoaik,신입생환영회,674600,651600,604200,629600,705900,757100
456,hoaik,MT,1687000,1548400,1588400,1486800,1628600,1583700
457,hoaik,대회참여,371200,381800,282400,233100,335000,268100
458,hoaik,체육대회,398200,373600,347300,430800,384300,409000
459,hoaik,졸업총회,342600,253200,330500,262400,314000,235100
460,jiscmrno,신입생환영회,688200,746000,694600,710600,645800,720000
461,jiscmrno,MT,1523400,1605000,1434500,1550500,1608500,1584800
462,jiscmrno,대회참여,293900,237800,352800,383800,359900,361300
463,jiscmrno,체육대회,353900,396200,357500,429900,427600,400100
464,jiscmrno,졸업총회,301400,315700,257300,274200,269200,268100
465,aelsmrhqzoj,신입생환영회,694500,650500,693100,638900,636800,704400
466,aelsmrhqzoj,MT,1594000,1623700,1526900,1520600,1447000,1649400
467,aelsmrhqzoj,대회참여,283900,300600,328900,234300,240100,217600
468,aelsmrhqzoj,체육대회,406400,405100,434300,422000,424600,433400
469,aelsmrhqzoj,졸업총회,283200,281300,345400,222700,259100,312700
470,rfcmyipojak,신입생환영회,639900,657600,644000,736000,715400,714200
471,rfcmyipojak,MT,1506100,1686000,1559700,1646900,1686400,1556300
472,rfcmyipojak,대회참여,379800,368100,298000,252500,296400,201100
473,rfcmyipojak,체육대회,409600,344400,387500,393900,355100,368400
474,rfcmyipojak,졸업총회,295800,341700,233200,307800,314000,295700
475,ivrcmfjdxne,신입생환영회,612800,643200,693200,652200,749400,680500
476,ivrcmfjdxne,MT,1511300,1530400,1478000,1535200,1668500,1622700
477,ivrcmfjdxne,대회참여,266700,217300,244900,268100,201700,252600
478,ivrcmfjdxne,체육대회,406600,364500,396500,385900,343300,426300
479,ivrcmfjdxne,졸업총회,316800,237400,307000,285900,317700,278000
480,ehkza,신입생환영회,698400,617400,765200,743400,737600,742400
481,ehkza,MT,1616000,1435100,1549500,1501700,1544600,1603600
482,ehkza,대회참여,341900,229100,245900,377500,202100,354300
483,ehkza,체육대회,340800,405200,434600,389700,373900,427900
484,ehkza,졸업총회,261500,299100,337700,275700,312400,247600
485,wemzyuxkgoi,신입생환영회,734000,605300,740400,647900,707700,606000
486,wemzyuxkgoi,MT,1495300,1457500,1428800,1487500,1592800,1523800
487,wemzyuxkgoi,대회참여,321600,300400,220000,348000,291300,381000
488,wemzyuxkgoi,체육대회,356800,346700,424400,430300,407500,361800
489,wemzyuxkgoi,졸업총회,345400,250400,224300,292900,259000,283700
490,zswonvuhyl,신입생환영회,711300,605800,763600,673900,732200,713400
491,zswonvuhyl,MT,1553600,1448300,1648900,1461900,1630400,1515700
492,zswonvuhyl,대회참여,354600,238300,332600,248700,268600,315000
493,zswonvuhyl,체육대회,393400,361100,357100,340500,389100,385000
494,zswonvuhyl,졸업총회,276000,323300,242700,257300,288400,328700
495,zosarng,신입생환영회,670900,772400,612700,706300,762900,638500
496,zosarng,MT,1525700,1488400,1664600,1675800,1483100,1575200
497,zosarng,대회참여,385400,340400,380000,353800,243900,360600
498,zosarng,체육대회,406600,422400,357600,340300,425800,344800
499,zosarng,졸업총회,336100,256900,319100,288100,297400,248900
500,qdsxbc,신입생환영회,630700,750900,749200,764300,641100,655900
501,qdsxbc,MT,1437200,1670600,1645400,1641000,1520400,1563800
502,qdsxbc,대회참여,368600,350800,292200,222500,289400,302300
503,qdsxbc,체육대회,390500,407300,430600,436700,369200,418000
504,qdsxbc,졸업총회,263200,222700,261200,284000,324800,330200
505,opzbamge,신입생환영회,659200,621900,622100,695900,776800,752200
506,opzbamge,MT,1637800,1589800,1636300,1495700,1532700,1615500
507,opzbamge,대회참여,280600,222600,348800,265400,324300,355200
508,opzbamge,체육대회,383500,423900,405700,399300,353600,385200
509,opzbamge,졸업총회,292700,222200,331100,322900,254400,288400
510,nhrytpewzks,신입생환영회,715800,746200,777800,696000,653800,614200
511,nhrytpewzks,MT,1551600,1690300,1513900,1627900,1548600,1566000
512,nhrytpewzks,대회참여,282100,200100,281700,399400,382300,229500
513,nhrytpewzks,체육대회,409100,406700,373400,374200,432100,376100
514,nhrytpewzks,졸업총회,337400,288000,315500,292800,221200,255100
515,jaopyz,신입생환영회,709500,605200,669600,749000,739700,606900
516,jaopyz,MT,1505000,1425400,1404300,1432500,1518100,1532300
517,jaopyz,대회참여,264400,223700,263400,332500,316200,373700
518,jaopyz,체육대회,387600,353800,381100,414400,368700,340500
519,jaopyz,졸업총회,298500,286700,327300,286900,256800,321200
520,rzcvhoijb,신입생환영회,698400,760000,737700,717300,767600,640100
521,rzcvhoijb,MT,1499400,1595700,1412100,1574600,1489300,1441500
522,rzcvhoijb,대회참여,201900,241700,314000,312900,222300,352900
523,rzcvhoijb,체육대회,362700,355900,434100,386500,402300,369300
524,rzcvhoijb,졸업총회,345200,322200,255600,242300,279900,310900
525,crasxyzl,신입생환영회,710700,670900,705200,733200,701400,708600
526,crasxyzl,MT,1651500,1462800,1408600,1651400,1518400,1520400
527,crasxyzl,대회참여,287900,249900,373800,331200,312900,336300
528,crasxyzl,체육대회,371000,355700,433800,431900,412000,383400
529,crasxyzl,졸업총회,266300,221500,298800,339600,313300,293700
530,vxdyj,신입생환영회,744200,717600,695400,653200,729400,685800
531,vxdyj,MT,1635300,1545100,1661100,1441700,1510000,1557700
532,vxdyj,대회참여,391000,376100,285700,206300,338200,339000
533,vxdyj,체육대회,419100,396200,427800,434400,342900,386800
534,vxdyj,졸업총회,273000,238200,326100,236900,344300,265200
535,fdgaboqrxu,신입생환영회,730000,643900,604300,752000,776600,653100
536,fdgaboqrxu,MT,1682800,1507300,1624200,1646300,1520200,1494300
537,fdgaboqrxu,대회참여,268700,224100,226000,331400,353900,282600
538,fdgaboqrxu,체육대회,357700,405700,345500,346100,426100,367100
539,fdgaboqrxu,졸업총회,279800,350000,331100,269000,332100,345200
540,xjauhqcp,신입생환영회,620700,727400,629800,694500,769300,650300
541,xjauhqcp,MT,1445600,1532300,1632500,1431700,1622800,1611800
542,xjauhqcp,대회참여,347900,282500,209100,202300,273900,264400
543,xjauhqcp,체육대회,401800,353200,365800,378500,433800,358800
544,xjauhqcp,졸업총회,233300,249000,288700,315500,246600,274800
545,etpfgdcwmk,신입생환영회,666300,767000,702700,696900,719800,744100
546,etpfgdcwmk,MT,1416500,1403200,1616600,1586300,1610400,1638500
547,etpfgdcwmk,대회참여,252900,215600,217600,284000,339900,209200
548,etpfgdcwmk,체육대회,416000,387500,359900,355700,388800,415700
549,etpfgdcwmk,졸업총회,232600,316900,308000,300800,328600,325000
550,sidnq,신입생환영회,703100,721400,643600,695200,769900,682800
551,sidnq,MT,1647500,1434500,1513500,1632400,1524100,1494300
552,sidnq,대회참여,342400,354400,396000,219800,379200,306600
553,sidnq,체육대회,434200,399500,439600,438800,371200,373400
554,sidnq,졸업총회,269600,234700,292000,228500,328400,289700
555,iegsbzpt,신입생환영회,605100,603300,660500,774600,775800,603700
556,iegsbzpt,MT,1567600,1547000,1634300,1409400,1653700,1580800
557,iegsbzpt,대회참여,223000,269000,242000,289900,363300,376400
558,iegsbzpt,체육대회,402400,352000,396200,386100,409600,376100
559,iegsbzpt,졸업총회,313000,249700,316100,336100,286600,309200
560,bqtonwuiskz,신입생환영회,705200,671000,609700,684700,714700,652100
561,bqtonwuiskz,MT,1622700,1455600,1438300,1536400,1453900,1576500
562,bqtonwuiskz,대회참여,384500,367400,345500,290900,336800,358700
563,bqtonwuiskz,체육대회,351400,391500,385100,439400,389300,399300
564,bqtonwuiskz,졸업총회,239700,248800,333100,280300,242600,305300
565,ljcns,신입생환영회,725000,623700,752700,695800,600200,746200
566,ljcns,MT,1667500,1482200,1427800,1647300,1680900,1505700
567,ljcns,대회참여,249100,227200,216500,279600,373600,305900
568,ljcns,체육대회,360800,360200,392400,392100,434800,396500
569,ljcns,졸업총회,310300,265100,230600,237100,329000,268200
570,alctsmdkj,신입생환영회,622200,661700,696400,659700,691700,611200
571,alctsmdkj,MT,1690000,1675700,1408400,1696200,1551300,1652000
572,alctsmdkj,대회참여,353300,275500,360900,299000,217300,242800
573,alctsmdkj,체육대회,375100,410700,434500,374100,425500,423400
574,alctsmdkj,졸업총회,237900,329400,236300,269800,294200,312600
575,qcpmel,신입생환영회,764000,698300,611300,735500,702500,667500
576,qcpmel,MT,1426300,1648400,1435000,1590400,1677600,1543700
577,qcpmel,대회참여,227300,205600,290700,273000,313300,224000
578,qcpmel,체육대회,399700,365300,434900,354200,430900,369900
579,qcpmel,졸업총회,337300,301400,273400,330900,333000,296700
580,ldeuipoh,신입생환영회,633200,632200,619400,737300,749600,750700
581,ldeuipoh,MT,1516800,1621300,1605900,1441000,1442600,1477300
582,ldeuipoh,대회참여,316500,319200,293500,335800,304800,393900
583,ldeuipoh,체육대회,427200,376300,395500,415300,401100,361600
584,ldeuipoh,졸업총회,294800,290800,268600,224500,305800,325500
585,uckev,신입생환영회,705600,623800,617600,623200,736400,694700
586,uckev,MT,1623000,1580200,1555900,1660000,1653900,1600900
587,uckev,대회참여,226000,281500,201300,237000,330000,254500
588,uckev,체육대회,381100,408500,413900,342600,342400,367200
589,uckev,졸업총회,235800,283300,342600,294000,288200,278100
590,oiwl,신입생환영회,623300,699300,668900,618900,721600,619700
591,oiwl,MT,1494100,1445300,1467100,1594300,1480000,1615700
592,oiwl,대회참여,256300,292800,245800,262300,333100,214000
593,oiwl,체육대회,365300,435800,351900,390500,358000,409800
594,oiwl,졸업총회,309300,300700,340300,272800,232200,308700
595,pgqxvih,신입생환영회,724900,616700,669000,610500,672900,762700
596,pgqxvih,MT,1676600,1442500,1627700,1631200,1458000,1521700
597,pgqxvih,대회참여,281600,239100,252500,293800,364800,389200
598,pgqxvih,체육대회,345100,365100,364700,435300,352700,431600
599,pgqxvih,졸업총회,288900,251800,262600,312900,347200,263000
600,zrfqdcmowk,신입생환영회,702800,713800,663800,736700,655700,712500
601,zrfqdcmowk,MT,1616000,1609500,1478400,1474200,1586400,1476000
602,zrfqdcmowk,대회참여,307700,303500,365700,221800,249600,269300
603,zrfqdcmowk,체육대회,423900,355200,374700,353500,413600,387900
604,zrfqdcmowk,졸업총회,268300,317700,336000,263400,336300,255100
605,uogemlp,신입생환영회,677300,694800,696900,606300,766400,698000
606,uogemlp,MT,1430600,1616700,1478200,1427100,1420900,1471200
607,uogemlp,대회참여,249900,224000,274000,342500,210600,374800
608,uogemlp,체육대회,352800,422400,356100,430000,385100,360600
609,uogemlp,졸업총회,340200,312400,325800,275000,231900,309200
610,kxievslbj,신입생환영회,615900,723500,623100,615800,643800,694000
611,kxievslbj,MT,1674500,1424700,1495500,1627200,1450800,1548100
612,kxievslbj,대회참여,316100,367800,243200,391300,341900,254100
613,kxievslbj,체육대회,421700,354800,407500,343500,379100,374600
614,kxievslbj,졸업총회,287800,337500,268600,310600,228100,334800
615,eijtglksur,신입생환영회,748000,750400,765300,753500,753400,720200
616,eijtglksur,MT,1445100,1627300,1661700,1682700,1648100,1465200
617,eijtglksur,대회참여,303400,263100,335600,365500,310200,284900
618,eijtglksur,체육대회,420000,355300,390400,368400,346200,389100
619,eijtglksur,졸업총회,267500,294800,310000,337400,309400,244600
620,jofcyr,신입생환영회,722800,637600,609700,719000,645400,725200
621,jofcyr,MT,1697500,1488400,1543600,1697300,1437500,1475800
622,jofcyr,대회참여,385900,302800,205800,234400,336900,279100
623,jofcyr,체육대회,438300,417000,430900,367700,437500,345000
624,jofcyr,졸업총회,258600,304900,281400,289900,335200,342400
625,gipbwu,신입생환영회,717800,662900,607300,631800,707700,761900
626,gipbwu,MT,1628700,1466700,1537500,1629900,1654100,1404500
627,gipbwu,대회참여,312300,304900,399400,291400,285200,263200
628,gipbwu,체육대회,359000,404400,427200,423500,401300,393400
629,gipbwu,졸업총회,312900,260300,254500,226800,339800,338100
630,bowvmhp,신입생환영회,683500,709300,615100,651200,688300,738900
631,bowvmhp,MT,1472500,1667700,1601700,1560800,1451200,1556100
632,bowvmhp,대회참여,291900,359600,294200,326300,330800,276000
633,bowvmhp,체육대회,403600,389900,391600,439100,407200,428200
634,bowvmhp,졸업총회,257600,245200,293900,274200,288500,328600
635,nkvf,신입생환영회,656800,735900,732900,642500,653000,695300
636,nkvf,MT,1693600,1414200,1516700,1497500,1593700,1472900
637,nkvf,대회참여,291700,361200,341400,219800,281900,310100
638,nkvf,체육대회,358900,377500,353600,404100,355100,391800
639,nkvf,졸업총회,229200,301800,250100,283300,257400,266900
640,fzptck,신입생환영회,678500,649700,639600,654800,707800,666600
641,fzptck,MT,1406900,1592200,1439500,1544300,1657100,1629300
642,fzptck,대회참여,302200,229500,231000,252800,257300,296800
643,fzptck,체육대회,423100,417500,376500,416500,430600,429700
644,fzptck,졸업총회,276200,241300,228800,246900,274000,305900
645,lipnghoq,신입생환영회,752900,749200,614600,644200,754000,600900
646,lipnghoq,MT,1642200,1415800,1662200,1677400,1506100,1674500
647,lipnghoq,대회참여,278200,259600,261800,397800,283100,389200
648,lipnghoq,체육대회,375700,386400,398500,416800,363300,404500
649,lipnghoq,졸업총회,311100,286000,337400,260300,236300,222400
650,fyij,신입생환영회,740000,623700,757100,720900,738800,655200
651,fyij,MT,1429700,1666200,1639600,1466700,1508800,1500200
652,fyij,대회참여,352100,288400,214900,302600,201000,356000
653,fyij,체육대회,362300,343600,346700,343300,352900,409900
654,fyij,졸업총회,227400,264300,232500,247400,288500,307700
655,stkz,신입생환영회,655700,669900,748700,736900,651200,610900
656,stkz,MT,1458600,1626400,1606300,1622600,1481600,1435300
657,stkz,대회참여,228800,255800,233400,306900,262400,389600
658,stkz,체육대회,363900,432200,368300,376300,429800,405500
659,stkz,졸업총회,348900,243300,254100,328300,244000,239300
660,nqxzhpauyw,신입생환영회,652100,710500,620100,625800,671800,633900
661,nqxzhpauyw,MT,1581300,1610400,1596300,1553300,1672400,1534900
662,nqxzhpauyw,대회참여,344200,310100,397400,293900,201200,386500
663,nqxzhpauyw,체육대회,410900,417800,439200,429600,437500,364900
664,nqxzhpauyw,졸업총회,274400,236000,303100,286900,349800,239400
665,npwdzq,신입생환영회,673000,728600,731400,765000,701500,606400
666,npwdzq,MT,1664700,1449100,1427900,1690100,1697700,1478500
667,npwdzq,대회참여,303900,392400,319600,322300,208400,348400
668,npwdzq,체육대회,409700,425300,439200,341200,417900,381600
669,npwdzq,졸업총회,295000,252000,260200,221200,341000,333400
670,pyzjiuxbhs,신입생환영회,767800,630300,703800,749500,762000,620200
671,pyzjiuxbhs,MT,1492200,1571000,1684100,1563500,1440200,1562700
672,pyzjiuxbhs,대회참여,374700,366200,263300,205000,284700,209200
673,pyzjiuxbhs,체육대회,401700,427300,410500,365900,423200,341300
674,pyzjiuxbhs,졸업총회,291800,281400,275300,297800,264500,286400
675,musgtqjxfph,신입생환영회,765900,637600,775400,664700,775500,658900
676,musgtqjxfph,MT,1551200,1596200,1536900,1410400,1494000,1580800
677,musgtqjxfph,대회참여,283400,255700,331000,295300,344500,343100
678,musgtqjxfph,체육대회,357800,371700,380000,395700,429800,388200
679,musgtqjxfph,졸업총회,310700,287500,278500,344000,226300,250100
680,pqybrlnhzmw,신입생환영회,754900,708100,712300,719300,714200,635000
681,pqybrlnhzmw,MT,1678600,1481700,1682800,1673100,1543300,1502100
682,pqybrlnhzmw,대회참여,394600,303000,207800,391900,322600,390300
683,pqybrlnhzmw,체육대회,398000,352400,427000,386000,344900,348900
684,pqybrlnhzmw,졸업총회,309100,255300,305500,278500,246200,326800
685,qjizgf,신입생환영회,737400,692200,753600,768900,762100,687800
686,qjizgf,MT,1604700,1437000,1594200,1400400,1557500,1630800
687,qjizgf,대회참여,207600,247800,397900,399700,227200,352000
688,qjizgf,체육대회,374700,402900,372900,357700,397300,368600
689,qjizgf,졸업총회,335100,266700,220400,255200,339900,237700
690,kmzbcxfjwea,신입생환영회,750700,719400,751300,647000,674700,666400
691,kmzbcxfjwea,MT,1681100,1484000,1413700,1547300,1482000,1478900
692,kmzbcxfjwea,대회참여,358600,337500,278100,374900,263600,214200
693,kmzbcxfjwea,체육대회,400300,365700,401500,417000,402900,389700
694,kmzbcxfjwea,졸업총회,273000,319600,236400,240200,228100,223000
695,gdtl,신입생환영회,682500,729200,677200,778300,632900,654800
696,gdtl,MT,1605200,1475000,1567000,1485100,1570100,1687400
697,gdtl,대회참여,249500,386500,384400,284100,351200,381600
698,gdtl,체육대회,420600,430800,421000,387200,429200,438600
699,gdtl,졸업총회,268000,295000,344800,306900,275400,306900
700,vmzjciqeo,신입생환영회,777600,748200,730800,668600,649300,704100
701,vmzjciqeo,MT,1690000,1411100,1491200,1640200,1493000,1400000
702,vmzjciqeo,대회참여,355700,222900,354400,300700,248300,316100
703,vmzjciqeo,체육대회,401700,439600,376200,369800,385600,341700
704,vmzjciqeo,졸업총회,348300,339700,329900,273600,313600,336000
705,ximugpzkfe,신입생환영회,644900,655000,679400,613900,600200,735400
706,ximugpzkfe,MT,1506700,1503400,1547000,1568300,1589800,1575600
707,ximugpzkfe,대회참여,203900,346200,301700,266200,291700,382300
708,ximugpzkfe,체육대회,365000,396000,428200,419200,422300,418200
709,ximugpzkfe,졸업총회,291200,253800,226200,288900,294200,266200
710,zsfkirowt,신입생환영회,690600,613500,712800,701500,609800,751300
711,zsfkirowt,MT,1414000,1690900,1612000,1408000,1505600,1496300
712,zsfkirowt,대회참여,276800,234900,349100,225900,245500,306500
713,zsfkirowt,체육대회,353400,355400,438700,421200,356600,366800
714,zsfkirowt,졸업총회,256100,345100,256500,243000,330000,266300
715,xsmkwfa,신입생환영회,720400,712900,621800,624300,768800,695500
716,xsmkwfa,MT,1657700,1667000,1417400,1683100,1517800,1521300
717,xsmkwfa,대회참여,259200,302000,327800,310800,347100,317400
718,xsmkwfa,체육대회,392000,423500,371700,361600,428400,432700
719,xsmkwfa,졸업총회,235000,321600,251500,301800,226200,326800
720,jahulgmxdsq,신입생환영회,707000,728400,681600,686400,705800,750000
721,jahulgmxdsq,MT,1692500,1480300,1526800,1649600,1503000,1486100
722,jahulgmxdsq,대회참여,252500,222600,396400,352500,291400,211900
723,jahulgmxdsq,체육대회,390400,370600,375300,377000,348400,380300
724,jahulgmxdsq,졸업총회,272800,267000,251400,316700,253800,280200
725,ytgs,신입생환영회,765000,717300,627500,673500,670600,736700
726,ytgs,MT,1476100,1548500,1551200,1531700,1586700,1660400
727,ytgs,대회참여,391700,321600,368700,348100,335900,319500
728,ytgs,체육대회,387600,425600,407200,387200,390600,376300
729,ytgs,졸업총회,336600,273800,279900,303400,346200,264000
730,gbtwuzc,신입생환영회,776900,661900,653800,612700,735200,625200
731,gbtwuzc,MT,1573000,1563900,1499000,1616900,1499500,1673400
732,gbtwuzc,대회참여,216000,398200,289000,311800,333500,292800
733,gbtwuzc,체육대회,398800,383900,398000,395500,411700,367600
734,gbtwuzc,졸업총회,281800,241100,229400,311400,263400,307300
735,fryop,신입생환영회,664700,772300,682000,678800,693200,681000
736,fryop,MT,1641700,1698600,1406200,1572200,1604700,1679100
737,fryop,대회참여,245400,263300,229900,362100,272800,229900
738,fryop,체육대회,352400,418400,384500,393400,358400,394800
739,fryop,졸업총회,286700,275300,242200,248600,250100,269800
740,aulgpx,신입생환영회,722200,675300,693500,625100,727100,711800
741,aulgpx,MT,1407800,1623300,1626900,1618500,1604400,1596600
742,aulgpx,대회참여,268100,380200,277300,371700,271500,292300
743,aulgpx,체육대회,381200,370400,363300,401700,401200,399400
744,aulgpx,졸업총회,310900,265600,275500,220700,321500,298500
745,wnezyv,신입생환영회,609600,663800,608600,700900,670800,626300
746,wnezyv,MT,1506400,1595000,1623200,1473900,1659700,1599200
747,wnezyv,대회참여,301700,240100,300200,360900,394500,339800
748,wnezyv,체육대회,396400,390800,350500,344100,435700,359800
749,wnezyv,졸업총회,336700,315500,236600,262100,256000,302600
750,oelpbma,신입생환영회,755200,639500,683500,681900,655700,768900
751,oelpbma,MT,1486300,1534700,1640000,1419400,1478900,1527700
752,oelpbma,대회참여,313200,378000,313600,335600,212300,238500
753,oelpbma,체육대회,417200,385700,415400,353400,345100,394900
754,oelpbma,졸업총회,246500,234100,282500,346800,288400,304500
755,hydpnxvczu,신입생환영회,706700,727300,646400,742500,721000,635800
756,hydpnxvczu,MT,1401200,1447300,1507100,1628000,1533600,1568100
757,hydpnxvczu,대회참여,376000,273200,217500,217100,304700,287600
758,hydpnxvczu,체육대회,420100,393000,418600,375300,423100,404800
759,hydpnxvczu,졸업총회,314500,247300,257500,311700,230600,323800
760,dmubfvh,신입생환영회,733300,687900,642100,654600,614500,631500
761,dmubfvh,MT,1599100,1424100,1631100,1574800,1570100,1415300
762,dmubfvh,대회참여,230600,379900,204200,215000,301100,224200
763,dmubfvh,체육대회,407500,420500,363600,365800,372900,408000
764,dmubfvh,졸업총회,251200,330000,235300,327300,273900,235300
765,blka,신입생환영회,719800,690200,737300,728600,710700,640700
766,blka,MT,1472800,1488200,1495700,1418200,1405400,1623400
767,blka,대회참여,350000,315400,387900,245100,355500,287300
768,blka,체육대회,358000,346900,353100,394300,424600,384100
769,blka,졸업총회,239500,341200,293700,284500,290300,287000
770,dvem,신입생환영회,676000,771400,687800,772600,741700,779700
771,dvem,MT,1456800,1636700,1405200,1583400,1650400,1421100
772,dvem,대회참여,241000,393200,340200,311000,201200,346500
773,dvem,체육대회,421900,394800,438600,428700,381000,347100
774,dvem,졸업총회,282000,310300,324800,299700,323300,299700
775,uaxkhtbpnce,신입생환영회,748200,681900,746300,745600,772200,732500
776,uaxkhtbpnce,MT,1593800,1408900,1487100,1464100,1557400,1619500
777,uaxkhtbpnce,대회참여,237400,255200,333100,235400,327400,229700
778,uaxkhtbpnce,체육대회,395700,358300,415500,422000,412300,367000
779,uaxkhtbpnce,졸업총회,299700,319700,252900,228600,240400,349400
780,zacnhdty,신입생환영회,770900,665500,749400,766900,638500,775900
781,zacnhdty,MT,1619500,1622000,1466100,1520200,1413500,1547700
782,zacnhdty,대회참여,391000,309700,349100,219100,233900,339000
783,zacnhdty,체육대회,363500,364900,414700,404000,407900,391400
784,zacnhdty,졸업총회,276800,302400,260900,328600,242500,338000
785,mibohtx,신입생환영회,611500,643600,706600,774800,619200,619300
786,mibohtx,MT,1673700,1623500,1417200,1658300,1572400,1658500
787,mibohtx,대회참여,222900,268100,226700,341000,239400,389800
788,mibohtx,체육대회,378500,379100,347200,432900,370400,342600
789,mibohtx,졸업총회,241400,338400,307500,343600,269400,221000
790,uwokgxta,신입생환영회,723200,634300,741000,743700,670100,677600
791,uwokgxta,MT,1509000,1441500,1585200,1449100,1491800,1548900
792,uwokgxta,대회참여,331600,209900,227900,316000,248600,300600
793,uwokgxta,체육대회,416500,383000,392300,380700,433400,422800
794,uwokgxta,졸업총회,255200,243000,323200,227300,290600,253900
795,rtsd,신입생환영회,731300,747500,710600,623500,776900,710200
796,rtsd,MT,1631800,1424300,1516600,1490400,1630000,1677400
797,rtsd,대회참여,381500,339800,316600,290100,215100,380100
798,rtsd,체육대회,417300,346100,412700,414200,429200,416500
799,rtsd,졸업총회,312500,337800,347600,282100,323600,268800
800,udbslyowv,신입생환영회,636800,777400,688300,647300,722400,685900
801,udbslyowv,MT,1402000,1458300,1508700,1474700,1490100,1554000
802,udbslyowv,대회참여,241600,271600,314700,389200,261000,371000
803,udbslyowv,체육대회,370900,424000,350100,353700,386100,429400
804,udbslyowv,졸업총회,275200,349800,270900,231700,224200,343700
805,fqyidxnhe,신입생환영회,679100,634200,738100,652400,645900,688300
806,fqyidxnhe,MT,1520900,1469900,1509600,1553900,1476300,1540400
807,fqyidxnhe,대회참여,305200,260200,212300,205300,210000,353700
808,fqyidxnhe,체육대회,373100,382900,394800,356100,341700,358400
809,fqyidxnhe,졸업총회,291700,341000,264200,320100,254500,231000
810,snadurtexoy,신입생환영회,713700,709600,661300,725200,769700,648800
811,snadurtexoy,MT,1439500,1467600,1422400,1402800,1452700,1597800
812,snadurtexoy,대회참여,253600,263200,389500,301500,207400,260000
813,snadurtexoy,체육대회,379200,422800,363900,432000,358300,351000
814,snadurtexoy,졸업총회,223700,279600,337000,254500,339000,346900
815,vjcehpts,신입생환영회,765100,754200,716400,600500,601200,646200
816,vjcehpts,MT,1415200,1476300,1487500,1572000,1438100,1699000
817,vjcehpts,대회참여,345300,229000,331200,321200,281900,349200
818,vjcehpts,체육대회,348900,388200,362700,341400,398600,359700
819,vjcehpts,졸업총회,336100,245000,291500,304600,319600,231400
820,shdptxy,신입생환영회,728100,745700,735700,698600,644600,689100
821,shdptxy,MT,1563200,1603200,1499700,1682200,1409100,1589200
822,shdptxy,대회참여,292200,312900,208300,268700,301000,247900
823,shdptxy,체육대회,364100,384200,349400,406600,342300,427000
824,shdptxy,졸업총회,257500,347900,247200,267700,256900,272900
825,kngzir,신입생환영회,665100,752600,651400,742900,636100,722200
826,kngzir,MT,1682500,1535000,1471800,1493300,1477800,1525400
827,kngzir,대회참여,390900,306200,333500,282600,360800,267300
828,kngzir,체육대회,389300,437600,437100,434700,351200,350300
829,kngzir,졸업총회,295500,220600,311800,295100,267000,288200
830,wcyoes,신입생환영회,644200,716900,601400,719400,776900,609700
831,wcyoes,MT,1593800,1672100,1499900,1634300,1663200,1461000
832,wcyoes,대회참여,216200,317700,214000,397300,209800,262300
833,wcyoes,체육대회,429700,373700,369700,420900,368900,340400
834,wcyoes,졸업총회,286700,260200,328000,330100,275700,298700
835,snemcfdxhor,신입생환영회,725400,638200,745000,726900,632200,742700
836,snemcfdxhor,MT,1592900,1470500,1404000,1493000,1659100,1558900
837,snemcfdxhor,대회참여,206300,353400,265100,215300,306500,254600
838,snemcfdxhor,체육대회,382500,393800,356700,379600,436600,365100
839,snemcfdxhor,졸업총회,323200,336700,228100,258600,276200,295200
840,ijfgwxur,신입생환영회,609800,730800,727000,638500,619200,680500
841,ijfgwxur,MT,1660000,1422000,1428800,1648000,1460600,1613700
842,ijfgwxur,대회참여,246400,246500,249500,297100,394300,330500
843,ijfgwxur,체육대회,392200,347100,420000,373200,361000,428600
844,ijfgwxur,졸업총회,245400,268900,322600,318500,306300,335100
845,zjnrmcyoqk,신입생환영회,759300,607700,759600,609500,612800,689700
846,zjnrmcyoqk,MT,1536700,1515700,1449300,1672300,1553800,1486900
847,zjnrmcyoqk,대회참여,331700,358900,345900,327400,254700,324600
848,zjnrmcyoqk,체육대회,409000,410600,408200,426300,400100,375700
849,zjnrmcyoqk,졸업총회,255300,332700,270800,284300,319400,272600
850,mzobjxlrq,신입생환영회,768400,668600,650100,777900,752800,760800
851,mzobjxlrq,MT,1673600,1647000,1613300,1506500,1670900,1452600
852,mzobjxlrq,대회참여,359300,236800,295800,263000,262100,253000
853,mzobjxlrq,체육대회,435500,398200,344900,355700,353900,349500
854,mzobjxlrq,졸업총회,342600,245100,266600,342100,222400,220900
855,xdmfnj,신입생환영회,761300,770600,776200,727100,620100,641500
856,xdmfnj,MT,1631200,1477300,1423300,1688200,1647400,1671900
857,xdmfnj,대회참여,281100,335000,352600,307200,376300,354400
858,xdmfnj,체육대회,368500,371000,380700,429700,359000,386400
859,xdmfnj,졸업총회,251700,261800,226300,309500,266800,228200
860,bqwonm,신입생환영회,722400,625400,656600,763100,678200,729100
861,bqwonm,MT,1472200,1512200,1611000,1612200,1627600,1525600
862,bqwonm,대회참여,263800,368600,312800,363000,385300,209700
863,bqwonm,체육대회,434400,414300,421000,435600,376500,346200
864,bqwonm,졸업총회,305300,329400,250200,328300,229300,329000
865,uwcd,신입생환영회,729000,766800,771500,621600,626300,735700
866,uwcd,MT,1439000,1506400,1438300,1429200,1545000,1491600
867,uwcd,대회참여,276400,249700,372400,320100,264300,274600
868,uwcd,체육대회,434800,367500,370900,359400,403000,389400
869,uwcd,졸업총회,334200,295500,242900,255700,232000,304500
870,tovpuxrng,신입생환영회,732800,609300,736700,664800,617100,605500
871,tovpuxrng,MT,1416200,1472000,1408700,1598600,1543700,1662400
872,tovpuxrng,대회참여,287700,326200,358600,227500,250100,268900
873,tovpuxrng,체육대회,389900,381000,340300,359000,432900,381600
874,tovpuxrng,졸업총회,270500,228500,317200,308300,344800,264100
875,wgki,신입생환영회,633000,637800,670400,648300,681300,727300
876,wgki,MT,1642600,1431100,1672500,1654000,1456400,1550700
877,wgki,대회참여,324300,396500,254000,304700,371700,276200
878,wgki,체육대회,413800,383200,407200,379000,417200,345400
879,wgki,졸업총회,325500,259200,291500,311600,331900,256200
880,vgqlymais,신입생환영회,733400,758700,675700,605000,694600,606700
881,vgqlymais,MT,1654100,1473800,1690900,1512800,1555900,1612000
882,vgqlymais,대회참여,317600,204000,209900,228700,354500,356500
883,vgqlymais,체육대회,402500,387500,425100,368300,425500,435700
884,vgqlymais,졸업총회,274500,298400,345000,289500,319100,334500
885,frlpgdkouiw,신입생환영회,689500,672300,632700,737300,639400,613900
886,frlpgdkouiw,MT,1408000,1499900,1507800,1554300,1450600,1673300
887,frlpgdkouiw,대회참여,276300,220500,346200,318300,262100,306800
888,frlpgdkouiw,체육대회,438000,402500,383300,341600,412600,365600
889,frlpgdkouiw,졸업총회,300600,282100,232900,229500,292400,245600
890,qmcsr,신입생환영회,710100,765200,672100,778700,773600,633000
891,qmcsr,MT,1658900,1498400,1466100,1414500,1507900,1677600
892,qmcsr,대회참여,377100,342100,260900,280900,316500,340400
893,qmcsr,체육대회,422100,351500,436800,345800,417300,373800
894,qmcsr,졸업총회,232400,271300,347200,326100,267900,319200
895,qzfmjlpacws,신입생환영회,665000,646600,755900,778900,684900,722700
896,qzfmjlpacws,MT,1636900,1408000,1529500,1445600,1517700,1694100
897,qzfmjlpacws,대회참여,279500,235000,327100,380300,210800,337900
898,qzfmjlpacws,체육대회,366700,438900,384900,434800,410600,438800
899,qzfmjlpacws,졸업총회,252500,272400,262200,304300,277400,289400
900,hntiokwu,신입생환영회,627800,778700,755000,634300,745000,700700
901,hntiokwu,MT,1560900,1411200,1656800,1521600,1672600,1667800
902,hntiokwu,대회참여,301800,240400,324700,302600,336300,312600
903,hntiokwu,체육대회,351500,382900,433900,439200,408000,358100
904,hntiokwu,졸업총회,334600,313200,284100,300700,287700,258500
905,nfkq,신입생환영회,777400,756400,607400,738400,666800,691500
906,nfkq,MT,1643600,1466500,1676600,1505500,1696400,1587700
907,nfkq,대회참여,332700,245400,360000,348100,365800,295200
908,nfkq,체육대회,353400,346200,414400,345900,393300,341300
909,nfkq,졸업총회,322200,263000,325500,326900,320300,305200
910,fhnpib,신입생환영회,610800,777800,689500,748400,667900,676800
911,fhnpib,MT,1491800,1639600,1493700,1672500,1477500,1478600
912,fhnpib,대회참여,225900,365000,368000,290000,280700,357800
913,fhnpib,체육대회,423900,431400,439500,415400,409000,396700
914,fhnpib,졸업총회,326200,254300,267500,257500,255000,319600
915,cteyfagurk,신입생환영회,688800,655400,652400,708200,718800,775100
916,cteyfagurk,MT,1653400,1516800,1643400,1506600,1596100,1410900
917,cteyfagurk,대회참여,277400,263100,298600,286000,278200,286700
918,cteyfagurk,체육대회,435900,350900,407600,434700,400200,379900
919,cteyfagurk,졸업총회,311000,284500,232300,246200,299700,314300
920,fxwymqlu,신입생환영회,663500,741400,606100,609700,620200,755500
921,fxwymqlu,MT,1419100,1542900,1404900,1545700,1475000,1690400
922,fxwymqlu,대회참여,260400,236700,382700,270000,395500,203400
923,fxwymqlu,체육대회,416200,352900,389100,393700,368400,396700
924,fxwymqlu,졸업총회,280700,312100,240900,249700,320800,303300
925,uyejzrcwk,신입생환영회,750500,651300,620300,761400,619400,756000
926,uyejzrcwk,MT,1638300,1506100,1456300,1672200,1686400,1650400
927,uyejzrcwk,대회참여,240600,212000,227200,293500,387500,240600
928,uyejzrcwk,체육대회,365400,366500,403200,391800,357400,358800
929,uyejzrcwk,졸업총회,281300,303100,234500,238100,232800,336000
930,iduwce,신입생환영회,623700,651600,743700,656800,619000,714000
931,iduwce,MT,1585500,1525700,1477100,1408400,1565200,1506800
932,iduwce,대회참여,323100,266200,334900,230500,227600,291400
933,iduwce,체육대회,398200,427300,374000,373800,416800,413900
934,iduwce,졸업총회,272900,339200,297300,307600,230200,260300
935,dvqwbyngk,신입생환영회,760000,632700,627200,600900,692900,630600
936,dvqwbyngk,MT,1641500,1402600,1697300,1680800,1661300,1527900
937,dvqwbyngk,대회참여,326900,205000,394100,355800,341600,273800
938,dvqwbyngk,체육대회,400000,423900,428800,375700,398300,366700
939,dvqwbyngk,졸업총회,261100,222300,346200,322200,279200,235100
940,hwfo,신입생환영회,697200,729700,743700,721600,762500,603400
941,hwfo,MT,1466900,1602700,1572100,1532500,1438800,1492300
942,hwfo,대회참여,290300,224600,277300,354000,228400,204200
943,hwfo,체육대회,367200,408400,377100,358100,361300,357200
944,hwfo,졸업총회,233900,292100,277500,289200,248800,342100
945,ywqimp,신입생환영회,758100,669500,604100,742700,765400,666800
946,ywqimp,MT,1627400,1591900,1414700,1633200,1590200,1565800
947,ywqimp,대회참여,302500,205800,332800,366400,379800,253700
948,ywqimp,체육대회,407400,399600,418000,349700,420400,352800
949,ywqimp,졸업총회,288300,337800,278900,251000,238700,296200
950,qjyxrnmbcd,신입생환영회,669500,762900,745000,646500,745600,741300
951,qjyxrnmbcd,MT,1491700,1658000,1693200,1471300,1553100,1566800
952,qjyxrnmbcd,대회참여,353800,272400,276700,200400,235800,372700
953,qjyxrnmbcd,체육대회,424100,356400,428000,389400,352600,415700
954,qjyxrnmbcd,졸업총회,274200,323300,221800,272700,289900,288500
955,nmulbvcoxy,신입생환영회,739100,626300,683600,663600,664600,617700
956,nmulbvcoxy,MT,1646000,1489600,1599800,1596400,1602000,1518300
957,nmulbvcoxy,대회참여,373000,281800,306600,334100,231300,204300
958,nmulbvcoxy,체육대회,383100,422100,349300,372600,419100,381000
959,nmulbvcoxy,졸업총회,328900,283000,292200,261000,253400,282700
960,jqcdwyhvgs,신입생환영회,670100,739500,602300,745500,685900,722000
961,jqcdwyhvgs,MT,1610400,1455100,1531100,1619400,1485900,1563200
962,jqcdwyhvgs,대회참여,385800,243500,289200,367000,286200,206400
963,jqcdwyhvgs,체육대회,433100,411000,375600,426700,410900,355600
964,jqcdwyhvgs,졸업총회,257000,247700,317400,321000,241000,243600
965,vwznj,신입생환영회,635700,713000,690000,755000,625000,659900
966,vwznj,MT,1591800,1617300,1425200,1616600,1405700,1504400
967,vwznj,대회참여,217700,225900,257000,203600,204100,247200
968,vwznj,체육대회,413200,358200,362400,368300,399000,400200
969,vwznj,졸업총회,267600,287800,296100,271500,260700,261700
970,cwtdesfm,신입생환영회,735800,664700,721800,675300,712600,642700
971,cwtdesfm,MT,1527700,1513100,1635500,1442300,1533200,1478600
972,cwtdesfm,대회참여,207200,306500,225700,372500,339900,219900
973,cwtdesfm,체육대회,346400,436000,344300,352800,342800,351900
974,cwtdesfm,졸업총회,341300,235400,269300,287300,227000,334300
975,adlguhzpbtr,신입생환영회,610100,698900,723500,691100,645100,620200
976,adlguhzpbtr,MT,1422000,1420900,1588600,1541700,1542300,1614200
977,adlguhzpbtr,대회참여,288100,239500,332100,346000,295800,285600
978,adlguhzpbtr,체육대회,415500,420800,400300,348800,352000,365200
979,adlguhzpbtr,졸업총회,295300,287400,255500,229800,227300,293000
980,mhxvltwso,신입생환영회,766900,668300,768600,676400,639900,620300
981,mhxvltwso,MT,1680500,1469600,1491600,1531800,1553000,1656000
982,mhxvltwso,대회참여,334100,273300,398200,342900,253800,302600
983,mhxvltwso,체육대회,391900,437200,365000,347600,344800,416200
984,mhxvltwso,졸업총회,232600,232600,232500,243100,228800,275100
985,gcpfmwrouzk,신입생환영회,773000,638600,712000,602400,689700,629400
986,gcpfmwrouzk,MT,1558100,1424400,1514900,1655000,1686300,1535500
987,gcpfmwrouzk,대회참여,287300,227200,235400,368200,278800,367500
988,gcpfmwrouzk,체육대회,409100,347200,341900,344600,359100,429100
989,gcpfmwrouzk,졸업총회,334800,250000,237100,306900,264000,221600
990,htug,신입생환영회,621500,758400,747900,618400,740600,613100
991,htug,MT,1658300,1583600,1693400,1433200,1689000,1444600
992,htug,대회참여,297400,334400,393200,313500,306300,374500
993,htug,체육대회,422800,404500,340700,356800,405600,354000
994,htug,졸업총회,224500,340900,309500,328500,287900,274900
995,lrcsfp,신입생환영회,671600,775100,768000,760900,697100,656400
996,lrcsfp,MT,1675100,1683600,1644200,1639200,1638100,1479400
997,lrcsfp,대회참여,324000,377700,204900,378100,366800,342900
998,lrcsfp,체육대회,353900,384500,349400,363500,430300,398200
999,lrcsfp,졸업총회,265600,228700,335300,348800,327200,325300
1000,ntjvkwhuoc,신입생환영회,684900,616200,766800,714900,748800,734800
1001,ntjvkwhuoc,MT,1439900,1548600,1423300,1625600,1693100,1611500
1002,ntjvkwhuoc,대회참여,335400,292000,322100,229200,346300,240100
1003,ntjvkwhuoc,체육대회,407900,390700,383700,394700,351000,410100
1004,ntjvkwhuoc,졸업총회,266300,288800,298100,336700,237500,234600
1005,rlpobgn,신입생환영회,706500,749700,742700,725000,702900,688400
1006,rlpobgn,MT,1505400,1555500,1433400,1628700,1677900,1673800
1007,rlpobgn,대회참여,358600,207500,305600,377700,390500,354600
1008,rlpobgn,체육대회,387700,375500,347800,363800,370000,375900
1009,rlpobgn,졸업총회,293600,311600,322300,236300,294000,266300
1010,bslpdfqa,신입생환영회,699400,624600,766900,607500,725700,647700
1011,bslpdfqa,MT,1594900,1555500,1491900,1598600,1612500,1406400
1012,bslpdfqa,대회참여,339500,220600,329000,385800,292500,226500
1013,bslpdfqa,체육대회,414700,377200,374600,392700,354700,370500
1014,bslpdfqa,졸업총회,230100,223700,295300,247400,334500,294900
1015,rthnpkcloxb,신입생환영회,746200,731600,748100,690100,733600,663900
1016,rthnpkcloxb,MT,1421100,1470900,1629300,1605600,1609900,1607800
1017,rthnpkcloxb,대회참여,302600,327400,390900,299100,250300,241400
1018,rthnpkcloxb,체육대회,401400,433000,417900,356400,359400,402400
1019,rthnpkcloxb,졸업총회,268600,220400,281500,305000,327300,313900
1020,sudtzwr,신입생환영회,723200,690900,709800,756900,759100,643200
1021,sudtzwr,MT,1413200,1592600,1479300,1442600,1498700,1567300
1022,sudtzwr,대회참여,365700,212700,318700,375300,343300,269300
1023,sudtzwr,체육대회,345500,340500,376300,402900,435600,421900
1024,sudtzwr,졸업총회,310900,294200,335000,333700,245200,238400
1025,dhkjytrf,신입생환영회,774900,627200,697800,699500,678200,755500
1026,dhkjytrf,MT,1524100,1523500,1482100,1459500,1660000,1543400
1027,dhkjytrf,대회참여,327600,201100,309400,384500,316900,390400
1028,dhkjytrf,체육대회,378300,377600,428100,401800,412000,386700
1029,dhkjytrf,졸업총회,342600,338300,317500,315800,296000,249600
1030,xkzoivratp,신입생환영회,714300,649800,610800,763400,777700,631300
1031,xkzoivratp,MT,1498900,1442100,1542000,1656800,1536800,1678600
1032,xkzoivratp,대회참여,386600,231600,308800,268000,397400,281700
1033,xkzoivratp,체육대회,429000,404800,433800,365900,407700,388800
1034,xkzoivratp,졸업총회,316100,249200,223100,290700,289000,347500
1035,sunxlfrbga,신입생환영회,775100,651100,708600,748500,776900,671900
1036,sunxlfrbga,MT,1621600,1425200,1549900,1678200,1414300,1457500
1037,sunxlfrbga,대회참여,210900,368900,268200,395800,222000,296700
1038,sunxlfrbga,체육대회,434300,344900,437300,351600,380000,348400
1039,sunxlfrbga,졸업총회,225000,301700,309300,288800,254600,275500
1040,fklxjh,신입생환영회,710600,628100,666900,709100,663700,692300
1041,fklxjh,MT,1594200,1498700,1614500,1497600,1493900,1580700
1042,fklxjh,대회참여,312400,234300,390200,293700,208300,296700
1043,fklxjh,체육대회,432900,403400,381700,358700,435300,394700
1044,fklxjh,졸업총회,331100,335900,265100,299000,295600,330600
1045,gihqprkv,신입생환영회,753800,716200,778400,624800,634800,653500
1046,gihqprkv,MT,1437900,1437000,1646800,1567700,1497200,1437500
1047,gihqprkv,대회참여,238200,235600,258900,319600,379400,225100
1048,gihqprkv,체육대회,364500,406700,425800,375000,419200,397200
1049,gihqprkv,졸업총회,304500,338500,221800,349300,325600,237800
1050,zbinayvpm,신입생환영회,621300,646600,654500,616800,712100,775900
1051,zbinayvpm,MT,1411400,1522900,1559300,1619600,1572200,1467300
1052,zbinayvpm,대회참여,355700,363500,275800,232700,248200,340500
1053,zbinayvpm,체육대회,431400,426700,346000,340100,375400,349600
1054,zbinayvpm,졸업총회,256000,336300,288800,253100,244300,273000
1055,sczakxgiyf,신입생환영회,606700,710000,674500,632400,687300,715700
1056,sczakxgiyf,MT,1456700,1581300,1401100,1662800,1441800,1410000
1057,sczakxgiyf,대회참여,220200,311800,272000,323500,332200,397800
1058,sczakxgiyf,체육대회,376700,395100,406900,424500,408800,386500
1059,sczakxgiyf,졸업총회,317200,308700,242700,302300,317600,262300
1060,kgixnr,신입생환영회,768600,619800,774100,761800,671400,633000
1061,kgixnr,MT,1588700,1594600,1423200,1674100,1475500,1424700
1062,kgixnr,대회참여,315000,343300,204300,201900,320500,223900
1063,kgixnr,체육대회,387800,409500,410900,432100,359600,374800
1064,kgixnr,졸업총회,305500,261000,233400,259800,245600,310000
1065,axkorzn,신입생환영회,623100,765500,734000,772200,655300,664500
1066,axkorzn,MT,1655300,1584800,1514600,1593800,1444400,1669500
1067,axkorzn,대회참여,243400,304100,256300,393700,307200,293100
1068,axkorzn,체육대회,387700,419300,417600,406700,397000,400300
1069,axkorzn,졸업총회,251700,229200,225000,294200,242000,348700
1070,bofnisaz,신입생환영회,769900,720700,623900,701700,660600,608400
1071,bofnisaz,MT,1511000,1517600,1642700,1687600,1648400,1616000
1072,bofnisaz,대회참여,342100,362700,331500,208600,273100,295800
1073,bofnisaz,체육대회,340300,360000,412800,402600,368600,414200
1074,bofnisaz,졸업총회,281400,345300,269000,221100,230700,231400
1075,grxbcmdpzav,신입생환영회,659400,751300,772300,697500,658900,751500
1076,grxbcmdpzav,MT,1450900,1518000,1471800,1437200,1669200,1609300
1077,grxbcmdpzav,대회참여,246200,279900,306700,370300,239700,211900
1078,grxbcmdpzav,체육대회,407200,386400,391500,370700,344400,423900
1079,grxbcmdpzav,졸업총회,288700,344300,334000,282200,286200,226800
1080,yfigwplvue,신입생환영회,732800,673400,605800,686300,740500,664100
1081,yfigwplvue,MT,1669900,1547100,1552700,1550800,1549300,1411200
1082,yfigwplvue,대회참여,206600,378300,391900,207100,322700,280200
1083,yfigwplvue,체육대회,381600,418100,416500,348900,426600,393200
1084,yfigwplvue,졸업총회,314700,347300,305700,262000,314700,328800
1085,ojzyb,신입생환영회,654300,685600,764600,631600,677400,680800
1086,ojzyb,MT,1624400,1438800,1464700,1492100,1678800,1483100
1087,ojzyb,대회참여,399000,359400,287200,393000,267800,304100
1088,ojzyb,체육대회,425500,419400,400200,341000,368900,433500
1089,ojzyb,졸업총회,258200,230300,346000,302200,285500,249500
1090,clkgxwdrzif,신입생환영회,734700,633600,704300,669600,709400,774400
1091,clkgxwdrzif,MT,1616300,1400300,1594200,1453400,1453300,1419500
1092,clkgxwdrzif,대회참여,390800,378100,313500,306800,220200,203600
1093,clkgxwdrzif,체육대회,377000,414200,380800,388500,390900,412800
1094,clkgxwdrzif,졸업총회,258900,344900,234900,236000,241700,269600
1095,fvlcmpb,신입생환영회,617600,748000,734800,714600,704000,606700
1096,fvlcmpb,MT,1637400,1458200,1492900,1515200,1600600,1673500
1097,fvlcmpb,대회참여,242800,353000,249200,327700,391200,213000
1098,fvlcmpb,체육대회,388300,421800,417700,417100,421100,360500
1099,fvlcmpb,졸업총회,268300,308200,251900,268900,290600,312400
1100,jdltmgq,신입생환영회,755800,720700,696700,647500,714000,725500
1101,jdltmgq,MT,1600500,1553600,1645300,1424800,1557000,1558200
1102,jdltmgq,대회참여,303000,313800,262000,260600,240500,280200
1103,jdltmgq,체육대회,360100,397900,390400,344300,437900,347200
1104,jdltmgq,졸업총회,280100,275100,343400,314800,273400,242900
1105,pqakiyt,신입생환영회,705100,699500,662000,739700,714200,735400
1106,pqakiyt,MT,1645700,1482300,1590300,1406100,1534100,1438700
1107,pqakiyt,대회참여,338100,218100,200900,379100,390400,269000
1108,pqakiyt,체육대회,386200,427200,426500,381200,401300,364100
1109,pqakiyt,졸업총회,265500,342100,297800,226600,308500,237400
1110,tcdejfqhwvb,신입생환영회,737000,779600,612900,611100,694000,603500
1111,tcdejfqhwvb,MT,1533800,1579300,1504500,1431800,1576600,1438700
1112,tcdejfqhwvb,대회참여,233800,224800,399800,394500,377400,215900
1113,tcdejfqhwvb,체육대회,341600,378600,381400,412300,411400,427900
1114,tcdejfqhwvb,졸업총회,322500,294300,234300,235600,335100,253500
1115,tvugqjf,신입생환영회,679900,626600,761900,664200,632800,610200
1116,tvugqjf,MT,1574200,1632800,1410600,1681600,1606800,1513400
1117,tvugqjf,대회참여,317600,322100,281400,358400,250700,261800
1118,tvugqjf,체육대회,379100,435100,374700,386700,348700,345200
1119,tvugqjf,졸업총회,335400,331800,245700,329100,293300,244900
1120,zouyratfils,신입생환영회,625300,619000,706800,688400,723200,608600
1121,zouyratfils,MT,1695000,1594600,1633800,1410700,1546200,1419300
1122,zouyratfils,대회참여,227900,301200,265600,265600,367000,294800
1123,zouyratfils,체육대회,433100,389600,358800,353900,365500,401400
1124,zouyratfils,졸업총회,291000,255100,259100,306900,293500,349900
1125,hbljpodi,신입생환영회,736200,702800,715700,604300,683700,671600
1126,hbljpodi,MT,1676900,1483900,1563900,1612800,1435000,1450300
1127,hbljpodi,대회참여,399900,339100,379700,221600,371900,254800
1128,hbljpodi,체육대회,389800,404500,424400,374600,382300,418900
1129,hbljpodi,졸업총회,269400,306600,312600,242700,268400,335400
1130,hlxzgt,신입생환영회,778000,708700,689800,666500,707100,712700
1131,hlxzgt,MT,1584800,1587800,1503500,1658400,1674300,1486900
1132,hlxzgt,대회참여,347800,377800,287500,269400,259900,357200
1133,hlxzgt,체육대회,355200,424100,377000,421700,364200,432300
1134,hlxzgt,졸업총회,335700,329300,233500,316800,345200,258700
1135,tslocpjk,신입생환영회,600100,779200,609300,768100,640300,606600
1136,tslocpjk,MT,1652300,1423800,1536400,1531300,1678800,1402400
1137,tslocpjk,대회참여,251200,388300,320900,275600,210500,399200
1138,tslocpjk,체육대회,361000,343400,373100,379000,397600,389500
1139,tslocpjk,졸업총회,325700,307300,226000,275600,273500,304900
1140,fbocz,신입생환영회,682900,748700,741300,777300,685900,665000
1141,fbocz,MT,1407000,1688800,1599800,1520400,1631400,1515300
1142,fbocz,대회참여,213600,255100,394200,334300,353500,256100
1143,fbocz,체육대회,359600,432600,411100,375500,390600,363000
1144,fbocz,졸업총회,242600,269500,325900,274600,322100,311700
1145,qxjthoc,신입생환영회,625500,628000,610400,657900,753700,631400
1146,qxjthoc,MT,1415600,1642000,1462200,1491600,1519500,1582200
1147,qxjthoc,대회참여,382000,376200,330900,313500,395000,238500
1148,qxjthoc,체육대회,375000,384000,348600,438300,424200,424200
1149,qxjthoc,졸업총회,324600,229400,336800,315900,285400,282200
1150,bamog,신입생환영회,680600,745500,614200,712100,631600,756400
1151,bamog,MT,1606400,1501200,1507600,1590800,1665100,1614600
1152,bamog,대회참여,289500,351700,329300,355900,353800,280900
1153,bamog,체육대회,354600,383200,344800,388500,375100,389400
1154,bamog,졸업총회,273500,328400,288800,280600,293700,309800
1155,bmsykafunqw,신입생환영회,671900,650200,695300,718400,675800,757500
1156,bmsykafunqw,MT,1438300,1564400,1469300,1608400,1580100,1434600
1157,bmsykafunqw,대회참여,367500,347200,277300,350500,295800,363900
1158,bmsykafunqw,체육대회,390200,401300,421600,410000,380900,397900
1159,bmsykafunqw,졸업총회,299200,261500,310100,288200,246300,277400
1160,csvrwpxt,신입생환영회,637200,664200,766900,722600,664200,716200
1161,csvrwpxt,MT,1526800,1530000,1493800,1411200,1442500,1635400
1162,csvrwpxt,대회참여,261900,231400,300200,391700,227200,394100
1163,csvrwpxt,체육대회,347300,419600,364200,439800,409200,399000
1164,csvrwpxt,졸업총회,313500,228700,233800,342700,331600,319900
1165,nhpvj,신입생환영회,742500,730500,778500,614400,719100,608100
1166,nhpvj,MT,1588900,1675600,1652500,1536500,1573500,1520300
1167,nhpvj,대회참여,323700,276700,317000,237100,297300,311400
1168,nhpvj,체육대회,437400,438400,408800,394200,343700,383100
1169,nhpvj,졸업총회,284900,226800,267100,339200,294200,236100
1170,ujftwe,신입생환영회,725800,761200,662100,604600,611400,706600
1171,ujftwe,MT,1579900,1479300,1423000,1696700,1483200,1419900
1172,ujftwe,대회참여,311200,201900,328900,373800,348400,285100
1173,ujftwe,체육대회,392800,380300,437500,426900,382400,365000
1174,ujftwe,졸업총회,271400,314200,220300,220900,257300,227500
1175,xwirv,신입생환영회,745100,731500,601000,730000,695100,626600
1176,xwirv,MT,1523100,1506800,1544200,1618000,1524300,1543600
1177,xwirv,대회참여,283500,327500,365300,295900,325500,320300
1178,xwirv,체육대회,351500,372200,426900,382400,422900,391400
1179,xwirv,졸업총회,282100,251300,306200,262800,238700,232500
1180,ndpvk,신입생환영회,675500,611200,650200,679500,612300,606400
1181,ndpvk,MT,1580700,1621800,1506500,1684100,1568200,1515000
1182,ndpvk,대회참여,386300,257600,330800,273200,302500,306500
1183,ndpvk,체육대회,364400,422000,428900,393200,401900,405700
1184,ndpvk,졸업총회,295500,224300,291400,344800,241100,275700
1185,hcpaz,신입생환영회,680300,603500,754300,602500,718800,675000
1186,hcpaz,MT,1520100,1469800,1644000,1622900,1436200,1403100
1187,hcpaz,대회참여,350600,260200,304200,351900,304900,278500
1188,hcpaz,체육대회,408600,431900,394200,391400,436900,355400
1189,hcpaz,졸업총회,231500,290200,235900,340400,347800,278000
1190,dktbnxeqogl,신입생환영회,696600,709800,717600,634800,615800,699400
1191,dktbnxeqogl,MT,1413800,1470600,1680100,1469600,1521800,1590600
1192,dktbnxeqogl,대회참여,328400,378000,371400,291900,319800,276200
1193,dktbnxeqogl,체육대회,389600,387200,424300,374000,435800,409600
1194,dktbnxeqogl,졸업총회,266500,281900,283500,345100,312200,303600
1195,bhzudm,신입생환영회,609600,758500,702400,777500,720600,685000
1196,bhzudm,MT,1542100,1583900,1476500,1656700,1412300,1510800
1197,bhzudm,대회참여,297100,378700,375100,310600,399700,397000
1198,bhzudm,체육대회,345800,358100,372800,390500,380400,340800
1199,bhzudm,졸업총회,264600,307100,277900,260200,316100,334800
